-- phpMyAdmin SQL Dump
-- version 5.2.1
-- https://www.phpmyadmin.net/
--
-- Host: 127.0.0.1
-- Generation Time: May 19, 2026 at 01:26 PM
-- Server version: 10.4.32-MariaDB
-- PHP Version: 8.2.12

SET SQL_MODE = "NO_AUTO_VALUE_ON_ZERO";
START TRANSACTION;
SET time_zone = "+00:00";


/*!40101 SET @OLD_CHARACTER_SET_CLIENT=@@CHARACTER_SET_CLIENT */;
/*!40101 SET @OLD_CHARACTER_SET_RESULTS=@@CHARACTER_SET_RESULTS */;
/*!40101 SET @OLD_COLLATION_CONNECTION=@@COLLATION_CONNECTION */;
/*!40101 SET NAMES utf8mb4 */;

--
-- Database: `stockiq`
--

-- --------------------------------------------------------

--
-- Table structure for table `brands`
--

CREATE TABLE `brands` (
  `id` bigint(20) UNSIGNED NOT NULL,
  `name` varchar(255) NOT NULL,
  `description` varchar(255) DEFAULT NULL,
  `created_at` timestamp NULL DEFAULT NULL,
  `updated_at` timestamp NULL DEFAULT NULL
) ENGINE=InnoDB DEFAULT CHARSET=utf8mb4 COLLATE=utf8mb4_unicode_ci;

-- --------------------------------------------------------

--
-- Table structure for table `cache`
--

CREATE TABLE `cache` (
  `key` varchar(255) NOT NULL,
  `value` mediumtext NOT NULL,
  `expiration` int(11) NOT NULL
) ENGINE=InnoDB DEFAULT CHARSET=utf8mb4 COLLATE=utf8mb4_unicode_ci;

--
-- Dumping data for table `cache`
--

INSERT INTO `cache` (`key`, `value`, `expiration`) VALUES
('stockiq-cache-5c785c036466adea360111aa28563bfd556b5fba', 'i:1;', 1779189892),
('stockiq-cache-5c785c036466adea360111aa28563bfd556b5fba:timer', 'i:1779189892;', 1779189892);

-- --------------------------------------------------------

--
-- Table structure for table `cache_locks`
--

CREATE TABLE `cache_locks` (
  `key` varchar(255) NOT NULL,
  `owner` varchar(255) NOT NULL,
  `expiration` int(11) NOT NULL
) ENGINE=InnoDB DEFAULT CHARSET=utf8mb4 COLLATE=utf8mb4_unicode_ci;

-- --------------------------------------------------------

--
-- Table structure for table `categories`
--

CREATE TABLE `categories` (
  `id` bigint(20) UNSIGNED NOT NULL,
  `name` varchar(255) NOT NULL,
  `description` varchar(255) DEFAULT NULL,
  `created_at` timestamp NULL DEFAULT NULL,
  `updated_at` timestamp NULL DEFAULT NULL
) ENGINE=InnoDB DEFAULT CHARSET=utf8mb4 COLLATE=utf8mb4_unicode_ci;

--
-- Dumping data for table `categories`
--

INSERT INTO `categories` (`id`, `name`, `description`, `created_at`, `updated_at`) VALUES
(1, 'Grocery', NULL, '2026-05-16 11:49:18', '2026-05-16 11:49:18');

-- --------------------------------------------------------

--
-- Table structure for table `failed_jobs`
--

CREATE TABLE `failed_jobs` (
  `id` bigint(20) UNSIGNED NOT NULL,
  `uuid` varchar(255) NOT NULL,
  `connection` text NOT NULL,
  `queue` text NOT NULL,
  `payload` longtext NOT NULL,
  `exception` longtext NOT NULL,
  `failed_at` timestamp NOT NULL DEFAULT current_timestamp()
) ENGINE=InnoDB DEFAULT CHARSET=utf8mb4 COLLATE=utf8mb4_unicode_ci;

-- --------------------------------------------------------

--
-- Table structure for table `jobs`
--

CREATE TABLE `jobs` (
  `id` bigint(20) UNSIGNED NOT NULL,
  `queue` varchar(255) NOT NULL,
  `payload` longtext NOT NULL,
  `attempts` tinyint(3) UNSIGNED NOT NULL,
  `reserved_at` int(10) UNSIGNED DEFAULT NULL,
  `available_at` int(10) UNSIGNED NOT NULL,
  `created_at` int(10) UNSIGNED NOT NULL
) ENGINE=InnoDB DEFAULT CHARSET=utf8mb4 COLLATE=utf8mb4_unicode_ci;

-- --------------------------------------------------------

--
-- Table structure for table `job_batches`
--

CREATE TABLE `job_batches` (
  `id` varchar(255) NOT NULL,
  `name` varchar(255) NOT NULL,
  `total_jobs` int(11) NOT NULL,
  `pending_jobs` int(11) NOT NULL,
  `failed_jobs` int(11) NOT NULL,
  `failed_job_ids` longtext NOT NULL,
  `options` mediumtext DEFAULT NULL,
  `cancelled_at` int(11) DEFAULT NULL,
  `created_at` int(11) NOT NULL,
  `finished_at` int(11) DEFAULT NULL
) ENGINE=InnoDB DEFAULT CHARSET=utf8mb4 COLLATE=utf8mb4_unicode_ci;

-- --------------------------------------------------------

--
-- Table structure for table `migrations`
--

CREATE TABLE `migrations` (
  `id` int(10) UNSIGNED NOT NULL,
  `migration` varchar(255) NOT NULL,
  `batch` int(11) NOT NULL
) ENGINE=InnoDB DEFAULT CHARSET=utf8mb4 COLLATE=utf8mb4_unicode_ci;

--
-- Dumping data for table `migrations`
--

INSERT INTO `migrations` (`id`, `migration`, `batch`) VALUES
(1, '0001_01_01_000000_create_users_table', 1),
(2, '0001_01_01_000001_create_cache_table', 1),
(3, '0001_01_01_000002_create_jobs_table', 1),
(4, '2026_05_16_000000_create_stockiq_tables', 1),
(5, '2026_05_16_010000_create_categories_and_brands_tables', 2),
(6, '2026_05_17_000000_add_mobile_to_users_table', 3);

-- --------------------------------------------------------

--
-- Table structure for table `password_reset_tokens`
--

CREATE TABLE `password_reset_tokens` (
  `email` varchar(255) NOT NULL,
  `token` varchar(255) NOT NULL,
  `created_at` timestamp NULL DEFAULT NULL
) ENGINE=InnoDB DEFAULT CHARSET=utf8mb4 COLLATE=utf8mb4_unicode_ci;

-- --------------------------------------------------------

--
-- Table structure for table `products`
--

CREATE TABLE `products` (
  `id` bigint(20) UNSIGNED NOT NULL,
  `sku` varchar(255) NOT NULL,
  `name` varchar(255) NOT NULL,
  `category` varchar(255) DEFAULT NULL,
  `category_id` bigint(20) UNSIGNED DEFAULT NULL,
  `brand_id` bigint(20) UNSIGNED DEFAULT NULL,
  `unit` varchar(255) NOT NULL DEFAULT 'pcs',
  `selling_price` decimal(12,2) NOT NULL DEFAULT 0.00,
  `reorder_level` int(10) UNSIGNED NOT NULL DEFAULT 0,
  `created_at` timestamp NULL DEFAULT NULL,
  `updated_at` timestamp NULL DEFAULT NULL
) ENGINE=InnoDB DEFAULT CHARSET=utf8mb4 COLLATE=utf8mb4_unicode_ci;

--
-- Dumping data for table `products`
--

INSERT INTO `products` (`id`, `sku`, `name`, `category`, `category_id`, `brand_id`, `unit`, `selling_price`, `reorder_level`, `created_at`, `updated_at`) VALUES
(1, 'NXY001', 'Tomatto', 'Grocery', 1, NULL, 'pcs', 100.00, 0, '2026-05-16 11:32:29', '2026-05-16 11:58:05'),
(3, 'NXY002', 'Onion (1 kg)', NULL, 1, NULL, 'pcs', 150.00, 0, '2026-05-17 11:47:44', '2026-05-17 11:47:44');

-- --------------------------------------------------------

--
-- Table structure for table `purchases`
--

CREATE TABLE `purchases` (
  `id` bigint(20) UNSIGNED NOT NULL,
  `vendor_id` bigint(20) UNSIGNED NOT NULL,
  `invoice_no` varchar(255) DEFAULT NULL,
  `purchase_date` date NOT NULL,
  `subtotal` decimal(12,2) NOT NULL DEFAULT 0.00,
  `tax` decimal(12,2) NOT NULL DEFAULT 0.00,
  `freight` decimal(12,2) NOT NULL DEFAULT 0.00,
  `total` decimal(12,2) NOT NULL DEFAULT 0.00,
  `notes` text DEFAULT NULL,
  `created_at` timestamp NULL DEFAULT NULL,
  `updated_at` timestamp NULL DEFAULT NULL
) ENGINE=InnoDB DEFAULT CHARSET=utf8mb4 COLLATE=utf8mb4_unicode_ci;

--
-- Dumping data for table `purchases`
--

INSERT INTO `purchases` (`id`, `vendor_id`, `invoice_no`, `purchase_date`, `subtotal`, `tax`, `freight`, `total`, `notes`, `created_at`, `updated_at`) VALUES
(1, 1, 'NXY01', '2026-05-16', 800.00, 0.00, 0.00, 800.00, NULL, '2026-05-16 11:33:14', '2026-05-16 11:33:14'),
(2, 2, 'NXY02', '2026-05-16', 900.00, 0.00, 0.00, 900.00, NULL, '2026-05-16 12:00:08', '2026-05-17 01:52:51'),
(3, 2, NULL, '2026-05-17', 2400.00, 0.00, 0.00, 2400.00, NULL, '2026-05-17 11:48:04', '2026-05-17 11:48:04'),
(4, 1, NULL, '2026-05-17', 3000.00, 0.00, 0.00, 3000.00, NULL, '2026-05-17 11:48:24', '2026-05-17 11:48:24');

-- --------------------------------------------------------

--
-- Table structure for table `purchase_items`
--

CREATE TABLE `purchase_items` (
  `id` bigint(20) UNSIGNED NOT NULL,
  `purchase_id` bigint(20) UNSIGNED NOT NULL,
  `product_id` bigint(20) UNSIGNED NOT NULL,
  `quantity` int(10) UNSIGNED NOT NULL,
  `unit_cost` decimal(12,2) NOT NULL,
  `line_total` decimal(12,2) NOT NULL,
  `created_at` timestamp NULL DEFAULT NULL,
  `updated_at` timestamp NULL DEFAULT NULL
) ENGINE=InnoDB DEFAULT CHARSET=utf8mb4 COLLATE=utf8mb4_unicode_ci;

--
-- Dumping data for table `purchase_items`
--

INSERT INTO `purchase_items` (`id`, `purchase_id`, `product_id`, `quantity`, `unit_cost`, `line_total`, `created_at`, `updated_at`) VALUES
(1, 1, 1, 10, 80.00, 800.00, '2026-05-16 11:33:14', '2026-05-16 11:33:14'),
(3, 2, 1, 10, 90.00, 900.00, '2026-05-17 01:52:51', '2026-05-17 01:52:51'),
(4, 3, 3, 20, 120.00, 2400.00, '2026-05-17 11:48:04', '2026-05-17 11:48:04'),
(5, 4, 3, 30, 100.00, 3000.00, '2026-05-17 11:48:24', '2026-05-17 11:48:24');

-- --------------------------------------------------------

--
-- Table structure for table `sessions`
--

CREATE TABLE `sessions` (
  `id` varchar(255) NOT NULL,
  `user_id` bigint(20) UNSIGNED DEFAULT NULL,
  `ip_address` varchar(45) DEFAULT NULL,
  `user_agent` text DEFAULT NULL,
  `payload` longtext NOT NULL,
  `last_activity` int(11) NOT NULL
) ENGINE=InnoDB DEFAULT CHARSET=utf8mb4 COLLATE=utf8mb4_unicode_ci;

--
-- Dumping data for table `sessions`
--

INSERT INTO `sessions` (`id`, `user_id`, `ip_address`, `user_agent`, `payload`, `last_activity`) VALUES
('G1Gt3UYsGV0hgt8lHEfl8JfGWt6E7bK65skMBcVO', 1, '127.0.0.1', 'Mozilla/5.0 (Windows NT 10.0; Win64; x64) AppleWebKit/537.36 (KHTML, like Gecko) Code/1.120.0 Chrome/142.0.7444.265 Electron/39.8.8 Safari/537.36', 'YTo1OntzOjY6Il90b2tlbiI7czo0MDoiclZ3SEQwYW1QTTd5NTdGTWc1bmJEbkhxTjVFdkpEVEg3V2RuUUVpZiI7czozOiJ1cmwiO2E6MDp7fXM6OToiX3ByZXZpb3VzIjthOjI6e3M6MzoidXJsIjtzOjMwOiJodHRwOi8vMTI3LjAuMC4xOjgwMDAvc2V0dGluZ3MiO3M6NToicm91dGUiO3M6MTQ6InNldHRpbmdzLmluZGV4Ijt9czo2OiJfZmxhc2giO2E6Mjp7czozOiJvbGQiO2E6MDp7fXM6MzoibmV3IjthOjA6e319czo1MDoibG9naW5fd2ViXzU5YmEzNmFkZGMyYjJmOTQwMTU4MGYwMTRjN2Y1OGVhNGUzMDk4OWQiO2k6MTt9', 1779189896),
('z8XkV1IIvUmSfJqBXTrEtM7QtHxwTyOD0kB8m51M', 1, '127.0.0.1', 'Mozilla/5.0 (Linux; Android 8.0.0; SM-G955U Build/R16NW) AppleWebKit/537.36 (KHTML, like Gecko) Chrome/148.0.0.0 Mobile Safari/537.36', 'YTo0OntzOjY6Il90b2tlbiI7czo0MDoibTJKOWdxTmpVM1dGak9MSVZLeFRZeFlKd1ZYU1lhc0p5OUNTRUt6USI7czo2OiJfZmxhc2giO2E6Mjp7czozOiJvbGQiO2E6MDp7fXM6MzoibmV3IjthOjA6e319czo5OiJfcHJldmlvdXMiO2E6Mjp7czozOiJ1cmwiO3M6MjE6Imh0dHA6Ly8xMjcuMC4wLjE6ODAwMCI7czo1OiJyb3V0ZSI7czo5OiJkYXNoYm9hcmQiO31zOjUwOiJsb2dpbl93ZWJfNTliYTM2YWRkYzJiMmY5NDAxNTgwZjAxNGM3ZjU4ZWE0ZTMwOTg5ZCI7aToxO30=', 1779181281);

-- --------------------------------------------------------

--
-- Table structure for table `stock_movements`
--

CREATE TABLE `stock_movements` (
  `id` bigint(20) UNSIGNED NOT NULL,
  `product_id` bigint(20) UNSIGNED NOT NULL,
  `purchase_item_id` bigint(20) UNSIGNED DEFAULT NULL,
  `type` enum('purchase','adjustment','sale','return') NOT NULL DEFAULT 'purchase',
  `quantity` int(11) NOT NULL,
  `unit_cost` decimal(12,2) NOT NULL DEFAULT 0.00,
  `movement_date` date NOT NULL,
  `reference` varchar(255) DEFAULT NULL,
  `notes` text DEFAULT NULL,
  `created_at` timestamp NULL DEFAULT NULL,
  `updated_at` timestamp NULL DEFAULT NULL
) ENGINE=InnoDB DEFAULT CHARSET=utf8mb4 COLLATE=utf8mb4_unicode_ci;

--
-- Dumping data for table `stock_movements`
--

INSERT INTO `stock_movements` (`id`, `product_id`, `purchase_item_id`, `type`, `quantity`, `unit_cost`, `movement_date`, `reference`, `notes`, `created_at`, `updated_at`) VALUES
(1, 1, 1, 'purchase', 10, 80.00, '2026-05-16', 'NXY01', 'Purchase stock-in', '2026-05-16 11:33:15', '2026-05-16 11:33:15'),
(3, 1, 3, 'purchase', 10, 90.00, '2026-05-16', 'NXY02', 'Purchase stock-in', '2026-05-17 01:52:51', '2026-05-17 01:52:51'),
(4, 3, 4, 'purchase', 20, 120.00, '2026-05-17', 'PUR-3', 'Purchase stock-in', '2026-05-17 11:48:04', '2026-05-17 11:48:04'),
(5, 3, 5, 'purchase', 30, 100.00, '2026-05-17', 'PUR-4', 'Purchase stock-in', '2026-05-17 11:48:24', '2026-05-17 11:48:24');

-- --------------------------------------------------------

--
-- Table structure for table `users`
--

CREATE TABLE `users` (
  `id` bigint(20) UNSIGNED NOT NULL,
  `name` varchar(255) NOT NULL,
  `email` varchar(255) NOT NULL,
  `mobile` varchar(30) DEFAULT NULL,
  `email_verified_at` timestamp NULL DEFAULT NULL,
  `password` varchar(255) NOT NULL,
  `remember_token` varchar(100) DEFAULT NULL,
  `created_at` timestamp NULL DEFAULT NULL,
  `updated_at` timestamp NULL DEFAULT NULL
) ENGINE=InnoDB DEFAULT CHARSET=utf8mb4 COLLATE=utf8mb4_unicode_ci;

--
-- Dumping data for table `users`
--

INSERT INTO `users` (`id`, `name`, `email`, `mobile`, `email_verified_at`, `password`, `remember_token`, `created_at`, `updated_at`) VALUES
(1, 'Bharath', 'bharath@nexsy.in', '8667498547', NULL, '$2y$12$B3aWzhMuNKlrpRsWO50uDOmRkDlTLPkmSvMhldEvsjjY5cYZ5zQxy', NULL, '2026-05-17 03:09:10', '2026-05-17 03:37:38');

-- --------------------------------------------------------

--
-- Table structure for table `vendors`
--

CREATE TABLE `vendors` (
  `id` bigint(20) UNSIGNED NOT NULL,
  `name` varchar(255) NOT NULL,
  `contact_person` varchar(255) DEFAULT NULL,
  `phone` varchar(255) DEFAULT NULL,
  `email` varchar(255) DEFAULT NULL,
  `address` text DEFAULT NULL,
  `created_at` timestamp NULL DEFAULT NULL,
  `updated_at` timestamp NULL DEFAULT NULL
) ENGINE=InnoDB DEFAULT CHARSET=utf8mb4 COLLATE=utf8mb4_unicode_ci;

--
-- Dumping data for table `vendors`
--

INSERT INTO `vendors` (`id`, `name`, `contact_person`, `phone`, `email`, `address`, `created_at`, `updated_at`) VALUES
(1, 'Bharath', 'Bk', '8667498547', 'bharath@nexsy.in', 'Erode', '2026-05-16 11:31:35', '2026-05-16 11:31:35'),
(2, 'Arun', 'Arun', '9843891543', 'bkdesigner0@gmail.com', 'PTP', '2026-05-16 11:59:06', '2026-05-16 11:59:06');

-- --------------------------------------------------------

--
-- Table structure for table `vendor_product_prices`
--

CREATE TABLE `vendor_product_prices` (
  `id` bigint(20) UNSIGNED NOT NULL,
  `vendor_id` bigint(20) UNSIGNED NOT NULL,
  `product_id` bigint(20) UNSIGNED NOT NULL,
  `price` decimal(12,2) NOT NULL,
  `lead_time_days` int(10) UNSIGNED NOT NULL DEFAULT 0,
  `effective_from` date DEFAULT NULL,
  `created_at` timestamp NULL DEFAULT NULL,
  `updated_at` timestamp NULL DEFAULT NULL
) ENGINE=InnoDB DEFAULT CHARSET=utf8mb4 COLLATE=utf8mb4_unicode_ci;

--
-- Indexes for dumped tables
--

--
-- Indexes for table `brands`
--
ALTER TABLE `brands`
  ADD PRIMARY KEY (`id`),
  ADD UNIQUE KEY `brands_name_unique` (`name`);

--
-- Indexes for table `cache`
--
ALTER TABLE `cache`
  ADD PRIMARY KEY (`key`),
  ADD KEY `cache_expiration_index` (`expiration`);

--
-- Indexes for table `cache_locks`
--
ALTER TABLE `cache_locks`
  ADD PRIMARY KEY (`key`),
  ADD KEY `cache_locks_expiration_index` (`expiration`);

--
-- Indexes for table `categories`
--
ALTER TABLE `categories`
  ADD PRIMARY KEY (`id`),
  ADD UNIQUE KEY `categories_name_unique` (`name`);

--
-- Indexes for table `failed_jobs`
--
ALTER TABLE `failed_jobs`
  ADD PRIMARY KEY (`id`),
  ADD UNIQUE KEY `failed_jobs_uuid_unique` (`uuid`);

--
-- Indexes for table `jobs`
--
ALTER TABLE `jobs`
  ADD PRIMARY KEY (`id`),
  ADD KEY `jobs_queue_index` (`queue`);

--
-- Indexes for table `job_batches`
--
ALTER TABLE `job_batches`
  ADD PRIMARY KEY (`id`);

--
-- Indexes for table `migrations`
--
ALTER TABLE `migrations`
  ADD PRIMARY KEY (`id`);

--
-- Indexes for table `password_reset_tokens`
--
ALTER TABLE `password_reset_tokens`
  ADD PRIMARY KEY (`email`);

--
-- Indexes for table `products`
--
ALTER TABLE `products`
  ADD PRIMARY KEY (`id`),
  ADD UNIQUE KEY `products_sku_unique` (`sku`),
  ADD KEY `products_category_id_foreign` (`category_id`),
  ADD KEY `products_brand_id_foreign` (`brand_id`);

--
-- Indexes for table `purchases`
--
ALTER TABLE `purchases`
  ADD PRIMARY KEY (`id`),
  ADD KEY `purchases_vendor_id_foreign` (`vendor_id`);

--
-- Indexes for table `purchase_items`
--
ALTER TABLE `purchase_items`
  ADD PRIMARY KEY (`id`),
  ADD KEY `purchase_items_purchase_id_foreign` (`purchase_id`),
  ADD KEY `purchase_items_product_id_foreign` (`product_id`);

--
-- Indexes for table `sessions`
--
ALTER TABLE `sessions`
  ADD PRIMARY KEY (`id`),
  ADD KEY `sessions_user_id_index` (`user_id`),
  ADD KEY `sessions_last_activity_index` (`last_activity`);

--
-- Indexes for table `stock_movements`
--
ALTER TABLE `stock_movements`
  ADD PRIMARY KEY (`id`),
  ADD KEY `stock_movements_product_id_foreign` (`product_id`),
  ADD KEY `stock_movements_purchase_item_id_foreign` (`purchase_item_id`);

--
-- Indexes for table `users`
--
ALTER TABLE `users`
  ADD PRIMARY KEY (`id`),
  ADD UNIQUE KEY `users_email_unique` (`email`);

--
-- Indexes for table `vendors`
--
ALTER TABLE `vendors`
  ADD PRIMARY KEY (`id`);

--
-- Indexes for table `vendor_product_prices`
--
ALTER TABLE `vendor_product_prices`
  ADD PRIMARY KEY (`id`),
  ADD UNIQUE KEY `vendor_product_prices_vendor_id_product_id_unique` (`vendor_id`,`product_id`),
  ADD KEY `vendor_product_prices_product_id_foreign` (`product_id`);

--
-- AUTO_INCREMENT for dumped tables
--

--
-- AUTO_INCREMENT for table `brands`
--
ALTER TABLE `brands`
  MODIFY `id` bigint(20) UNSIGNED NOT NULL AUTO_INCREMENT, AUTO_INCREMENT=2;

--
-- AUTO_INCREMENT for table `categories`
--
ALTER TABLE `categories`
  MODIFY `id` bigint(20) UNSIGNED NOT NULL AUTO_INCREMENT, AUTO_INCREMENT=2;

--
-- AUTO_INCREMENT for table `failed_jobs`
--
ALTER TABLE `failed_jobs`
  MODIFY `id` bigint(20) UNSIGNED NOT NULL AUTO_INCREMENT;

--
-- AUTO_INCREMENT for table `jobs`
--
ALTER TABLE `jobs`
  MODIFY `id` bigint(20) UNSIGNED NOT NULL AUTO_INCREMENT;

--
-- AUTO_INCREMENT for table `migrations`
--
ALTER TABLE `migrations`
  MODIFY `id` int(10) UNSIGNED NOT NULL AUTO_INCREMENT, AUTO_INCREMENT=7;

--
-- AUTO_INCREMENT for table `products`
--
ALTER TABLE `products`
  MODIFY `id` bigint(20) UNSIGNED NOT NULL AUTO_INCREMENT, AUTO_INCREMENT=4;

--
-- AUTO_INCREMENT for table `purchases`
--
ALTER TABLE `purchases`
  MODIFY `id` bigint(20) UNSIGNED NOT NULL AUTO_INCREMENT, AUTO_INCREMENT=5;

--
-- AUTO_INCREMENT for table `purchase_items`
--
ALTER TABLE `purchase_items`
  MODIFY `id` bigint(20) UNSIGNED NOT NULL AUTO_INCREMENT, AUTO_INCREMENT=6;

--
-- AUTO_INCREMENT for table `stock_movements`
--
ALTER TABLE `stock_movements`
  MODIFY `id` bigint(20) UNSIGNED NOT NULL AUTO_INCREMENT, AUTO_INCREMENT=6;

--
-- AUTO_INCREMENT for table `users`
--
ALTER TABLE `users`
  MODIFY `id` bigint(20) UNSIGNED NOT NULL AUTO_INCREMENT, AUTO_INCREMENT=2;

--
-- AUTO_INCREMENT for table `vendors`
--
ALTER TABLE `vendors`
  MODIFY `id` bigint(20) UNSIGNED NOT NULL AUTO_INCREMENT, AUTO_INCREMENT=3;

--
-- AUTO_INCREMENT for table `vendor_product_prices`
--
ALTER TABLE `vendor_product_prices`
  MODIFY `id` bigint(20) UNSIGNED NOT NULL AUTO_INCREMENT, AUTO_INCREMENT=3;

--
-- Constraints for dumped tables
--

--
-- Constraints for table `products`
--
ALTER TABLE `products`
  ADD CONSTRAINT `products_brand_id_foreign` FOREIGN KEY (`brand_id`) REFERENCES `brands` (`id`) ON DELETE SET NULL,
  ADD CONSTRAINT `products_category_id_foreign` FOREIGN KEY (`category_id`) REFERENCES `categories` (`id`) ON DELETE SET NULL;

--
-- Constraints for table `purchases`
--
ALTER TABLE `purchases`
  ADD CONSTRAINT `purchases_vendor_id_foreign` FOREIGN KEY (`vendor_id`) REFERENCES `vendors` (`id`) ON DELETE CASCADE;

--
-- Constraints for table `purchase_items`
--
ALTER TABLE `purchase_items`
  ADD CONSTRAINT `purchase_items_product_id_foreign` FOREIGN KEY (`product_id`) REFERENCES `products` (`id`) ON DELETE CASCADE,
  ADD CONSTRAINT `purchase_items_purchase_id_foreign` FOREIGN KEY (`purchase_id`) REFERENCES `purchases` (`id`) ON DELETE CASCADE;

--
-- Constraints for table `stock_movements`
--
ALTER TABLE `stock_movements`
  ADD CONSTRAINT `stock_movements_product_id_foreign` FOREIGN KEY (`product_id`) REFERENCES `products` (`id`) ON DELETE CASCADE,
  ADD CONSTRAINT `stock_movements_purchase_item_id_foreign` FOREIGN KEY (`purchase_item_id`) REFERENCES `purchase_items` (`id`) ON DELETE SET NULL;

--
-- Constraints for table `vendor_product_prices`
--
ALTER TABLE `vendor_product_prices`
  ADD CONSTRAINT `vendor_product_prices_product_id_foreign` FOREIGN KEY (`product_id`) REFERENCES `products` (`id`) ON DELETE CASCADE,
  ADD CONSTRAINT `vendor_product_prices_vendor_id_foreign` FOREIGN KEY (`vendor_id`) REFERENCES `vendors` (`id`) ON DELETE CASCADE;
COMMIT;

/*!40101 SET CHARACTER_SET_CLIENT=@OLD_CHARACTER_SET_CLIENT */;
/*!40101 SET CHARACTER_SET_RESULTS=@OLD_CHARACTER_SET_RESULTS */;
/*!40101 SET COLLATION_CONNECTION=@OLD_COLLATION_CONNECTION */;
